essay_id,y_pred
17834,0.3817968964576721
17836,0.3791213035583496
17837,0.3687679171562195
17838,0.6138646602630615
17839,0.5511329770088196
17840,0.8017974495887756
17841,0.406871497631073
17842,0.40384119749069214
17843,0.8024381399154663
17844,0.3592285215854645
17845,0.41219350695610046
17846,0.46367838978767395
17847,0.5149214863777161
17849,0.42803120613098145
17850,0.45007357001304626
17851,0.4460338056087494
17852,0.5632655620574951
17853,0.4861219525337219
17854,0.49415457248687744
17856,0.46964123845100403
17857,0.40072131156921387
17858,0.5633212924003601
17859,0.5625197291374207
17860,0.5688183307647705
17861,0.37011054158210754
17862,0.34088924527168274
17863,0.31787216663360596
17864,0.24528087675571442
17865,0.6439278721809387
17867,0.4572773277759552
17868,0.7312908172607422
17869,0.36966440081596375
17870,0.3808848559856415
17871,0.8584267497062683
17872,0.4627431035041809
17873,0.5525950789451599
17874,0.4387097656726837
17875,0.3691936433315277
17876,0.6072020530700684
17878,0.4599740207195282
17879,0.27672335505485535
17880,0.459540456533432
17881,0.4116502106189728
17882,0.34519821405410767
17883,0.5493224859237671
17884,0.6440269947052002
17885,0.33721742033958435
17886,0.24304908514022827
17887,0.653202474117279
17888,0.5350865721702576
17889,0.2707647383213043
17890,0.3969671428203583
17891,0.29220929741859436
17892,0.45688721537590027
17893,0.3078259229660034
17894,0.24969197809696198
17896,0.6337847113609314
17897,0.4789932072162628
17898,0.5438125729560852
17899,0.9846609234809875
17900,0.38121360540390015
17901,0.2938639223575592
17902,0.5390595197677612
17903,0.29888761043548584
17904,0.3688099682331085
17905,0.21881186962127686
17906,0.49914103746414185
17908,0.597758948802948
17909,0.5791662335395813
17910,0.5757349729537964
17911,0.5320396423339844
17912,0.4751266539096832
17913,0.35140103101730347
17914,0.36124464869499207
17915,0.35885316133499146
17916,0.27562835812568665
17917,0.22406341135501862
17918,0.3837258219718933
17919,0.6129564642906189
17920,0.30184081196784973
17921,0.51067054271698
17922,0.4559054374694824
17923,0.621272623538971
17924,0.7874222993850708
17926,0.7556895613670349
17927,0.30275508761405945
17928,0.38300108909606934
17930,0.5591230392456055
17931,0.5747401714324951
17932,0.7555118203163147
17933,0.38625675439834595
17935,0.3792405426502228
17936,0.22318997979164124
17937,0.3025015890598297
17938,0.6995939016342163
17939,0.6860812306404114
17940,0.2435634583234787
17941,0.4485725462436676
17942,0.4717808663845062
17943,0.33865809440612793
17944,0.5171614289283752
17945,0.4151298999786377
17946,0.3474213480949402
17947,0.7997548580169678
17949,0.2895159125328064
17950,0.2611163258552551
17951,0.25570914149284363
17952,0.4891810715198517
17953,0.40108156204223633
17954,0.48514851927757263
17955,0.46967700123786926
17957,0.3492667078971863
17959,0.4057040512561798
17961,0.45954662561416626
17962,0.49465835094451904
17963,0.7883157134056091
17964,0.5390512943267822
17965,0.4566819369792938
17966,0.5299016237258911
17967,0.6810884475708008
17968,0.4769924283027649
17969,0.41003909707069397
17970,0.3191002607345581
17971,0.673211395740509
17973,0.38636383414268494
17974,0.5483394265174866
17975,0.5991269946098328
17976,0.4513348937034607
17977,0.29832175374031067
17978,0.283944308757782
17979,0.319161981344223
17980,0.5805695652961731
17981,0.44856154918670654
17982,0.3181692361831665
17983,0.45296812057495117
17984,0.5105120539665222
17985,0.4229773283004761
17986,0.6701326370239258
17987,0.5082001686096191
17988,0.3189753293991089
17989,0.3135853111743927
17990,0.5947030782699585
17991,0.7345631122589111
17992,0.1471090018749237
17993,0.5078725218772888
17996,0.18488574028015137
17997,0.5316794514656067
17998,0.44310715794563293
18000,0.736392617225647
18001,0.24043287336826324
18002,0.4437718093395233
18004,0.4464312791824341
18005,0.5976207852363586
18006,0.606828510761261
18008,0.41048067808151245
18011,0.23114487528800964
18012,0.6279330849647522
18013,0.3564884662628174
18014,0.5742300152778625
18015,0.5775192379951477
18016,0.7990584373474121
18017,0.5524649620056152
18018,0.3150006830692291
18019,0.6747636795043945
18020,0.38052356243133545
18021,0.3043615221977234
18022,0.6885876059532166
18023,0.4189525544643402
18025,0.5648049712181091
18026,0.35251080989837646
18028,0.5218526721000671
18029,0.5235719084739685
18030,0.6374216675758362
18031,0.3428751528263092
18032,0.2994820773601532
18033,0.2548096179962158
18034,0.8480483889579773
18035,0.29754751920700073
18036,0.2756657600402832
18037,0.30487746000289917
18038,0.4786897599697113
18039,0.416454553604126
18040,0.27767613530158997
18041,0.3825514316558838
18042,0.3878832459449768
18043,0.28358474373817444
18044,0.47417333722114563
18045,0.6917588114738464
18046,0.3008457124233246
18047,0.5739368200302124
18048,0.3853612244129181
18049,0.4944022595882416
18050,0.25400465726852417
18051,0.5405840873718262
18052,0.6418711543083191
18053,0.592373251914978
18054,0.3899870812892914
18055,0.49232208728790283
18056,0.8540546298027039
18057,0.4319320619106293
18058,0.4817237854003906
18060,0.19367577135562897
18061,0.45868563652038574
18062,0.5812448263168335
18064,0.4084078073501587
18065,0.4993458092212677
18066,0.6064090132713318
18067,0.40092897415161133
18068,0.7611289620399475
18070,0.3703741431236267
18071,0.5406716465950012
18072,0.47483640909194946
18073,0.5208495855331421
18074,0.4434047043323517
18075,0.5588106513023376
18076,0.45546990633010864
18077,0.5834457278251648
18078,0.5322763919830322
18079,0.7128941416740417
18080,0.44516369700431824
18081,0.4445350766181946
18082,0.3843497335910797
18083,0.3605748414993286
18084,0.43462154269218445
18086,0.4161166846752167
18087,0.5494325757026672
18088,0.24703538417816162
18089,0.5812743902206421
18090,0.6894230842590332
18091,0.23819322884082794
18092,0.2707112729549408
18093,0.33017250895500183
18094,0.4718560576438904
18095,0.45094117522239685
18096,0.39920181035995483
18097,0.4290856122970581
18098,0.6556456089019775
18099,0.6418443918228149
18100,0.6908509731292725
18102,0.27271080017089844
18103,0.5075481534004211
18105,0.44970324635505676
18106,0.5901650786399841
18107,0.4353639483451843
18108,0.20885628461837769
18109,0.1545877754688263
18110,0.7958130240440369
18112,0.4470653831958771
18114,0.4520944058895111
18115,0.4526406526565552
18116,0.5188798904418945
18117,0.44733965396881104
18118,0.45276185870170593
18119,0.5522536635398865
18120,0.4583779573440552
18121,0.5058519244194031
18123,0.487770676612854
18124,0.4261012673377991
18126,0.1923414021730423
18127,0.5432665944099426
18128,0.44688132405281067
18129,0.42233946919441223
18130,0.3984932601451874
18131,0.35550323128700256
18132,0.4955505430698395
18133,0.21156248450279236
18134,0.41905835270881653
18135,0.28198978304862976
18136,0.44465702772140503
18137,0.3532850742340088
18138,0.8273575305938721
18140,0.4077461063861847
18141,0.6672161221504211
18142,0.7974613308906555
18143,0.5944851636886597
18144,0.387984961271286
18146,0.6942910552024841
18147,0.40642547607421875
18148,0.4785080552101135
18149,0.21104072034358978
18150,0.4042253792285919
18151,0.5074957013130188
18152,0.2151373326778412
18153,0.7840257287025452
18154,0.2549740970134735
18156,0.38912639021873474
18159,0.5034798383712769
18160,0.5196681022644043
18161,0.3802841305732727
18162,0.6785213351249695
18163,0.3803948760032654
18164,0.48392245173454285
18165,0.5612306594848633
18166,0.463726282119751
18167,0.30846452713012695
18168,0.4459191560745239
18169,0.6947471499443054
18170,0.5577653646469116
18171,0.5647653937339783
18172,0.7096055150032043
18173,0.3610527515411377
18174,0.7481787204742432
18175,0.8654229044914246
18177,0.28300973773002625
18178,0.8274549245834351
18179,0.1768539547920227
18180,0.40565237402915955
18181,0.39391836524009705
18182,0.4804011285305023
18183,0.5376496911048889
18184,0.2214379906654358
18185,0.3030697703361511
18186,0.5819053649902344
18187,0.7802833914756775
18189,0.5082162618637085
18190,0.33155205845832825
18191,0.3320770263671875
18192,0.5485289692878723
18193,0.3595201075077057
18194,0.6436821222305298
18195,0.5859020948410034
18196,0.25538355112075806
18197,0.44001418352127075
18198,0.5885756015777588
18200,0.5797510743141174
18201,0.5564180612564087
18202,0.5710808038711548
18203,0.25990942120552063
18205,0.6227472424507141
18206,0.319499671459198
18207,0.5555880069732666
18208,0.4156969487667084
18209,0.38913023471832275
18210,0.5318032503128052
18211,0.5572860240936279
18212,0.39457446336746216
18213,0.5562465786933899
18215,0.3174809515476227
18217,0.5125740766525269
18218,0.37284737825393677
18219,0.3730957806110382
18220,0.5543065071105957
18221,0.21704190969467163
18222,0.7149447202682495
18223,0.5017563104629517
18225,0.38979053497314453
18226,0.5611394047737122
18227,0.5146327018737793
18228,0.4755503833293915
18229,0.7836118340492249
18230,0.596826434135437
18231,0.4540884792804718
18232,0.5663226842880249
18233,0.35469087958335876
18234,0.5306402444839478
18235,0.7913029193878174
18236,0.414888858795166
18237,0.3452467918395996
18238,0.3672274649143219
18239,0.23666296899318695
18240,0.38244447112083435
18241,0.5592955946922302
18242,0.3534051775932312
18243,0.8699211478233337
18244,0.4099516272544861
18245,0.39978519082069397
18246,0.4245866537094116
18247,0.47632157802581787
18248,0.4591294825077057
18249,0.47037920355796814
18250,0.6794496178627014
18251,0.35296422243118286
18252,0.47788578271865845
18253,0.3516709506511688
18254,0.45903170108795166
18255,0.47158220410346985
18256,0.6643756628036499
18257,0.5723217129707336
18258,0.2830643653869629
18259,0.2672499120235443
18260,0.4957137703895569
18261,0.7864120602607727
18262,0.41963186860084534
18263,0.2886703312397003
18264,0.5059177875518799
18265,0.3543577194213867
18266,0.7025529146194458
18267,0.30864983797073364
18268,0.28394457697868347
18269,0.2932069003582001
18271,0.596113383769989
18272,0.45210930705070496
18273,0.48958852887153625
18275,0.7803618907928467
18276,0.4195115268230438
18277,0.44920313358306885
18278,0.284064382314682
18279,0.6967525482177734
18280,0.3888643980026245
18281,0.7193944454193115
18282,0.46295860409736633
18283,0.6222041249275208
18284,0.43393731117248535
18285,0.38075870275497437
18286,0.5069268941879272
18287,0.4053290784358978
18288,0.4230215549468994
18289,0.599658191204071
18290,0.25673410296440125
18291,0.5292966961860657
18292,0.3995075821876526
18293,0.31463155150413513
18294,0.9148472547531128
18295,0.4296439290046692
18296,0.21864336729049683
18297,0.8050397634506226
18298,0.2934413254261017
18300,0.35679471492767334
18301,0.289720356464386
18302,0.7069205641746521
18303,0.5158439874649048
18304,0.4353557229042053
18305,0.38405439257621765
18306,0.44557058811187744
18307,0.33433419466018677
18308,0.7266578078269958
18309,0.4856332838535309
18310,0.34924203157424927
18311,0.772409200668335
18312,0.610476553440094
18314,0.7705875635147095
18317,0.3452695906162262
18318,0.3401183485984802
18319,0.9088032245635986
18320,0.33162662386894226
18321,0.3530835807323456
18322,0.5213003158569336
18324,0.6720799803733826
18325,0.3609192669391632
18326,0.7619048357009888
18327,0.49736759066581726
18329,0.6413666605949402
18330,0.2362115979194641
18331,0.26720762252807617
18332,0.6173605918884277
18333,0.3912760615348816
18334,0.6678056716918945
18335,0.5175521969795227
18336,0.5133932828903198
18337,0.43561112880706787
18338,0.5611090064048767
18339,0.6521885395050049
18340,0.6029303669929504
18341,0.47300824522972107
18342,0.4976796805858612
18343,0.4711066484451294
18344,0.5772249102592468
18345,0.4475956857204437
18346,0.5434869527816772
18347,0.24391688406467438
18348,0.2614107131958008
18349,0.4036567211151123
18350,0.3430561125278473
18352,0.4790762960910797
18353,0.5443888902664185
18354,0.26573899388313293
18355,0.3339710533618927
18356,0.39833641052246094
18357,0.4781148433685303
18358,0.3883967995643616
18361,0.29046630859375
18362,0.7633397579193115
18363,0.6786881685256958
18364,0.3203985393047333
18365,0.2246793806552887
18366,0.2600809633731842
18367,0.31776800751686096
18368,0.45883873105049133
18369,0.6715742349624634
18370,0.14027079939842224
18371,0.5291158556938171
18373,0.328735888004303
18374,0.18268072605133057
18375,0.18659916520118713
18376,0.5489968657493591
18377,0.7329402565956116
18378,0.5075898766517639
18379,0.25373464822769165
18380,0.5343905091285706
18381,0.41798579692840576
18383,0.2871675193309784
18384,0.2252049297094345
18386,0.6544961333274841
18387,0.47397786378860474
18388,0.6486947536468506
18389,0.6173365712165833
18390,0.46817919611930847
18391,0.5530145764350891
18392,0.6052103042602539
18393,0.44377848505973816
18394,0.3156021237373352
18395,0.7336695790290833
18396,0.5458276271820068
18398,0.5173059701919556
18399,0.6735876798629761
18401,0.4856572449207306
18402,0.5241580605506897
18403,0.4044983386993408
18404,0.3931788206100464
18405,0.3270931839942932
18406,0.6534808278083801
18407,0.6804137229919434
18408,0.7808517217636108
18409,0.26345956325531006
18411,0.4142206609249115
18412,0.4097732603549957
18413,0.5388997793197632
18414,0.23268869519233704
18415,0.41896548867225647
18416,0.3133614957332611
18417,0.4162259101867676
18418,0.3815528154373169
18419,0.7611703276634216
18421,0.38820138573646545
18422,0.6042360663414001
18423,0.45480722188949585
18424,0.4120698869228363
18426,0.2233465313911438
18427,0.39706361293792725
18428,0.502286434173584
18429,0.45376497507095337
18430,0.4871957302093506
18432,0.33986154198646545
18433,0.5207999348640442
18434,0.6195217967033386
18435,0.5194107890129089
18436,0.2569563686847687
18438,0.631001353263855
18441,0.22064553201198578
18442,0.5642853379249573
18444,0.2373495250940323
18445,0.47323301434516907
18446,0.3529163897037506
18448,0.7310447096824646
18449,0.4385993480682373
18450,0.5248589515686035
18451,0.6013661623001099
18453,0.43478113412857056
18454,0.741091787815094
18455,0.27047938108444214
18456,0.6053125262260437
18458,0.4292435646057129
18459,0.7397629618644714
18460,0.2618016302585602
18461,0.3457987606525421
18463,0.32125404477119446
18464,0.48445022106170654
18465,0.6397438645362854
18466,0.2922770380973816
18467,0.6839119791984558
18468,0.3255070745944977
18471,0.4892944097518921
18472,0.44465401768684387
18473,0.6252037882804871
18474,0.6682394742965698
18475,0.46416953206062317
18476,0.8558331727981567
18477,0.6138917803764343
18478,0.33232927322387695
18479,0.5998606085777283
18480,0.3574259579181671
18481,0.2134295552968979
18482,0.7294656038284302
18484,0.29148760437965393
18485,0.3722964823246002
18488,0.30158698558807373
18489,0.6598498821258545
18490,0.3334333002567291
18491,0.47105053067207336
18492,0.33440306782722473
18494,0.5913061499595642
18495,0.4892406463623047
18496,0.2335025668144226
18497,0.6900231838226318
18498,0.7180410623550415
18499,0.7875108122825623
18500,0.38213008642196655
18501,0.34358054399490356
18502,0.4818836748600006
18503,0.37609121203422546
18504,0.2620158791542053
18505,0.2763745188713074
18506,0.27395349740982056
18507,0.6807519793510437
18508,0.36522719264030457
18509,0.3213585615158081
18510,0.5889701843261719
18511,0.29621702432632446
18512,0.321205198764801
18513,0.3084593117237091
18514,0.39855459332466125
18515,0.7016762495040894
18516,0.2408449947834015
18517,0.6989781856536865
18518,0.4246055483818054
18519,0.4023776352405548
18520,0.2969640791416168
18521,0.466105192899704
18522,0.39292362332344055
18523,0.6332173943519592
18524,0.4604659378528595
18525,0.5753515362739563
18526,0.4948166012763977
18527,0.2881539463996887
18528,0.695395290851593
18529,0.48580169677734375
18530,0.2806015908718109
18531,0.3577404320240021
18533,0.3054249882698059
18534,0.5446504950523376
18535,0.21998077630996704
18536,0.749848484992981
18537,0.25353288650512695
18538,0.5844084620475769
18539,0.2531663477420807
18540,0.30995941162109375
18541,0.37037697434425354
18542,0.6188904047012329
18544,0.299734890460968
18545,0.41441184282302856
18546,0.30806630849838257
18547,0.28103142976760864
18548,0.3854219317436218
18549,0.5961983799934387
18550,0.3486870229244232
18551,0.3179081976413727
18552,0.5326612591743469
18553,0.5467656254768372
18554,0.6410008072853088
18556,0.8605213165283203
18557,0.4901265501976013
18558,0.642366349697113
18559,0.4503227770328522
18560,0.7811324000358582
18561,0.43850401043891907
18562,0.7098196744918823
18563,0.5475512146949768
18564,0.4529198408126831
18565,0.5203016400337219
18566,0.8865631222724915
18567,0.750845730304718
18569,0.45285001397132874
18570,0.8433250188827515
18571,0.49040287733078003
18572,0.32605767250061035
18573,0.5786311626434326
18574,0.18215148150920868
18575,0.3459676206111908
18576,0.6506896615028381
18577,0.5604439973831177
18578,0.3440448045730591
18579,0.4563682973384857
18580,0.5185220837593079
18581,0.5877038240432739
18582,0.47945576906204224
18583,0.3703184723854065
18584,0.6604198217391968
18586,0.4061955213546753
18587,0.38386020064353943
18588,0.8271886110305786
18590,0.6240547299385071
18591,0.8635112643241882
18592,0.2776353657245636
18593,0.760873019695282
18594,0.411529541015625
18595,0.2602185308933258
18596,0.5469939708709717
18597,0.7267953753471375
18598,0.3728155493736267
18599,0.7713079452514648
18600,0.586146354675293
18601,0.6291986107826233
18602,0.6744521856307983
18603,0.34636592864990234
18604,0.5777571201324463
18605,0.4270676374435425
18606,0.4152126610279083
18607,0.3993617594242096
18608,0.7847495675086975
18609,0.4630443751811981
18610,0.2828540503978729
18611,0.2593744099140167
18612,0.3253946602344513
18613,0.4793277680873871
18614,0.5080180168151855
18615,0.46783357858657837
18616,0.8792253136634827
18617,0.5314739346504211
18618,0.5311587452888489
18619,0.3989875018596649
18620,0.41281062364578247
18621,0.32871508598327637
18622,0.35247257351875305
18624,0.47207677364349365
18626,0.609157919883728
18627,0.3740602135658264
18628,0.4608088731765747
18629,0.3508177399635315
18630,0.5103014707565308
18631,0.7388119101524353
18632,0.3891437351703644
18633,0.35707709193229675
18634,0.34253233671188354
18635,0.2997327446937561
18636,0.7595975399017334
18637,0.5275260806083679
18638,0.46221721172332764
18639,0.38278576731681824
18640,0.49049222469329834
18641,0.5296234488487244
18642,0.349467933177948
18643,0.43597906827926636
18644,0.5581169128417969
18645,0.32574114203453064
18646,0.49257999658584595
18647,0.4187951683998108
18648,0.4850844442844391
18649,0.6219594478607178
18650,0.4957874119281769
18651,0.5873501896858215
18652,0.8367682695388794
18653,0.5543991327285767
18654,0.3773520290851593
18655,0.385174423456192
18656,0.7023236751556396
18657,0.9437026977539062
18658,0.28231388330459595
18659,0.4516550302505493
18660,0.48526808619499207
18661,0.41237109899520874
18662,0.49050283432006836
18663,0.37381136417388916
18664,0.7393432855606079
18666,0.6127002835273743
18667,0.6169403195381165
18668,0.7289711236953735
18669,0.33115655183792114
18670,0.4375404715538025
18671,0.5832781791687012
18672,0.5559986233711243
18674,0.3968624174594879
18675,0.7230328321456909
18676,0.6077621579170227
18677,0.44437554478645325
18678,0.5312394499778748
18680,0.25544795393943787
18681,0.5933557152748108
18682,0.838922381401062
18683,0.42695462703704834
18684,0.38276779651641846
18685,0.4420012831687927
18686,0.6297962069511414
18688,0.2775610685348511
18689,0.45441803336143494
18690,0.452952116727829
18691,0.6577187180519104
18693,0.3602429926395416
18694,0.7372742891311646
18695,0.571579098701477
18696,0.5933032631874084
18697,0.644868016242981
18698,0.4081842005252838
18700,0.3257927894592285
18701,0.6011190414428711
18702,0.6232777237892151
18703,0.4025157690048218
18704,0.38734304904937744
18705,0.5146909356117249
18706,0.637541651725769
18707,0.5415121912956238
18708,0.4671686887741089
18709,0.7499139308929443
18710,0.30022138357162476
18711,0.32245612144470215
18712,0.6600167155265808
18713,0.4581574499607086
18714,0.6111717820167542
18715,0.5829241871833801
18716,0.7015178799629211
18717,0.6243692636489868
18718,0.19600628316402435
18719,0.2367173284292221
18720,0.4093313217163086
18721,0.5240774154663086
18722,0.6330807209014893
18723,0.4498630166053772
18724,0.7394165396690369
18725,0.6527523398399353
18726,0.8043633699417114
18727,0.41071245074272156
18729,0.3587580919265747
18730,0.780848503112793
18731,0.33452489972114563
18732,0.5439973473548889
18733,0.6327779293060303
18734,0.1867498904466629
18736,0.45312994718551636
18737,0.26057732105255127
18738,0.3306385278701782
18739,0.27356618642807007
18740,0.6844339370727539
18741,0.752020537853241
18742,0.29700204730033875
18743,0.41092127561569214
18744,0.4616479277610779
18745,0.5209991335868835
18747,0.2970653474330902
18748,0.6909807920455933
18749,0.3592297434806824
18750,0.17523813247680664
18751,0.6113501191139221
18752,0.32761886715888977
18753,0.3829538822174072
18754,0.49147382378578186
18756,0.681831955909729
18757,0.4025035798549652
18758,0.28588488698005676
18759,0.8167621493339539
18760,0.34263378381729126
18761,0.8297920823097229
18762,0.4040760099887848
18763,0.3485460877418518
18764,0.2721349895000458
18765,0.7544272541999817
18766,0.3598554730415344
18767,0.5419333577156067
18768,0.31925225257873535
18769,0.2901151180267334
18770,0.3352956473827362
18771,0.5414092540740967
18772,0.4070119261741638
18773,0.5750401020050049
18774,0.23795652389526367
18775,0.5850856304168701
18776,0.7032195925712585
18777,0.32653510570526123
18778,0.7785573601722717
18779,0.529788076877594
18780,0.6120883226394653
18781,0.37115028500556946
18782,0.4579871594905853
18783,0.3832327723503113
18784,0.26567184925079346
18785,0.25818973779678345
18786,0.5975459218025208
18787,0.5746389627456665
18788,0.8712558150291443
18789,0.5079624056816101
18790,0.5339749455451965
18791,0.6601412296295166
18792,0.5612457394599915
18793,0.5752568244934082
18794,0.2977422773838043
18795,0.3636288046836853
18796,0.4980659484863281
18797,0.217319518327713
18798,0.46415260434150696
18799,0.49429410696029663
18800,0.4228721559047699
18801,0.3977869749069214
18802,0.4112038016319275
18803,0.40343600511550903
18804,0.30044054985046387
18805,0.6620599627494812
18806,0.43627461791038513
18807,0.2157764881849289
18808,0.4751870334148407
18809,0.5566777586936951
18810,0.4865713119506836
18811,0.4949778914451599
18812,0.3252660036087036
18813,0.479060560464859
18814,0.4207487404346466
18815,0.608840823173523
18816,0.5099012851715088
18817,0.6006711721420288
18818,0.8584664463996887
18819,0.421154260635376
18820,0.5408410429954529
18821,0.5382657051086426
18822,0.17639338970184326
18823,0.36865490674972534
18824,0.31032949686050415
18825,0.7978693842887878
18826,0.6750856041908264
18827,0.7306442260742188
18829,0.5023370385169983
18830,0.427286833524704
18831,0.5042782425880432
18832,0.5184059739112854
18833,0.6491610407829285
18834,0.5197811126708984
18835,0.638043224811554
18836,0.41982394456863403
18837,0.3805840313434601
18839,0.6300337314605713
18840,0.28718674182891846
18841,0.3261532187461853
18842,0.8314715027809143
18843,0.5974770188331604
18844,0.3554507791996002
18845,0.31590694189071655
18847,0.4503520131111145
18848,0.449783593416214
18849,0.5035370588302612
18851,0.7338292002677917
18852,0.47688978910446167
18853,0.8106294870376587
18854,0.39655375480651855
18855,0.39147257804870605
18856,0.2748625576496124
18857,0.9074541926383972
18858,0.29796069860458374
18859,0.20399203896522522
18860,0.5007084608078003
18861,0.43632689118385315
18862,0.42262300848960876
18863,0.5511603355407715
18864,0.5134380459785461
18865,0.31315574049949646
18868,0.7990853190422058
18870,0.5446184277534485
18871,0.37849050760269165
18872,0.5331695675849915
18873,0.43255212903022766
18874,0.4074722230434418
18875,0.2941758334636688
18876,0.23045089840888977
18877,0.39935049414634705
18878,0.32221731543540955
18879,0.6794585585594177
18880,0.6773884892463684
18881,0.35540100932121277
18882,0.4638306796550751
18883,0.3640030324459076
18884,0.45604151487350464
18885,0.17295585572719574
18886,0.6159324049949646
18887,0.28781241178512573
18888,0.42506834864616394
18889,0.7849793434143066
18890,0.7000228762626648
18891,0.3063170313835144
18892,0.5873379111289978
18894,0.4855453670024872
18895,0.4481378495693207
18896,0.4521886110305786
18897,0.6532086133956909
18898,0.4519116282463074
18899,0.33750712871551514
18900,0.6064727306365967
18901,0.6086997389793396
18902,0.2762136161327362
18903,0.3428073525428772
18904,0.6735315322875977
18905,0.3302863836288452
18906,0.37599948048591614
18907,0.7295671105384827
18908,0.5375062823295593
18909,0.3440394401550293
18910,0.6600257158279419
18911,0.27949395775794983
18912,0.43524169921875
18913,0.2427181452512741
18914,0.4911298155784607
18915,0.5503410696983337
18916,0.36954593658447266
18917,0.44615650177001953
18919,0.5690333247184753
18920,0.2826032042503357
18921,0.3609282076358795
18922,0.3441721498966217
18923,0.5004458427429199
18924,0.37317749857902527
18925,0.33493682742118835
18926,0.6428505182266235
18927,0.46472489833831787
18928,0.48334237933158875
18929,0.4922899007797241
18930,0.14901457726955414
18931,0.297210156917572
18932,0.34776368737220764
18933,0.5551154613494873
18934,0.30840030312538147
18935,0.3856855034828186
18936,0.42825204133987427
18937,0.2446328103542328
18938,0.5290914177894592
18939,0.44324058294296265
18940,0.5000637173652649
18941,0.724784255027771
18942,0.5219480395317078
18943,0.4774456322193146
18944,0.324181467294693
18945,0.7829819321632385
18946,0.6363825798034668
18947,0.7389812469482422
18949,0.47693905234336853
18950,0.5099164843559265
18951,0.4474976658821106
18952,0.2307722419500351
18954,0.5793375968933105
18955,0.32287174463272095
18956,0.2540328800678253
18957,0.47219759225845337
18958,0.13430020213127136
18959,0.5332891941070557
18960,0.863987922668457
18961,0.30364561080932617
18962,0.3905337154865265
18963,0.667172372341156
18964,0.8618622422218323
18965,0.3749624788761139
18967,0.3883908987045288
18968,0.47939637303352356
18969,0.712732195854187
18970,0.3177778422832489
18971,0.5825160145759583
18972,0.4675705134868622
18973,0.4241388440132141
18974,0.7297376394271851
18976,0.33926722407341003
18977,0.5138864517211914
18978,0.8989789485931396
18979,0.5505553483963013
18980,0.24562935531139374
18981,0.3256981670856476
18982,0.4596640467643738
18983,0.7396504282951355
18984,0.3950759172439575
18985,0.5655673742294312
18986,0.47867122292518616
18987,0.5133227705955505
18988,0.47706371545791626
18989,0.41064488887786865
18990,0.46154752373695374
18991,0.5441120862960815
18993,0.30475106835365295
18994,0.29827937483787537
18995,0.47460460662841797
18996,0.3495877981185913
18997,0.2870998680591583
18998,0.6277913451194763
18999,0.41175925731658936
19000,0.5152354836463928
19001,0.3537261188030243
19002,0.6543602347373962
19003,0.8625390529632568
19004,0.31176072359085083
19005,0.3015722632408142
19006,0.5778846144676208
19007,0.45638200640678406
19008,0.4992799460887909
19009,0.47609567642211914
19010,0.10961785167455673
19011,0.2936095595359802
19012,0.427004337310791
19013,0.8123924136161804
19015,0.4958193600177765
19017,0.2523302435874939
19018,0.5612310171127319
19020,0.3720554709434509
19022,0.4216071665287018
19023,0.3703943192958832
19024,0.2817705273628235
19025,0.4691757559776306
19026,0.6023712754249573
19027,0.5706843733787537
19028,0.49733421206474304
19029,0.7528016567230225
19030,0.7408141493797302
19031,0.8288431763648987
19032,0.3080989718437195
19033,0.4834171235561371
19034,0.7803227305412292
19035,0.42680850625038147
19036,0.3984549343585968
19037,0.4103274643421173
19038,0.6121038198471069
19039,0.48544251918792725
19041,0.43352800607681274
19042,0.2941737473011017
19044,0.510439395904541
19046,0.5245299339294434
19047,0.27827125787734985
19048,0.36706042289733887
19049,0.6982378363609314
19050,0.6132700443267822
19051,0.6327916979789734
19052,0.8132495880126953
19054,0.45209309458732605
19055,0.36405932903289795
19056,0.33556127548217773
19057,0.477394700050354
19058,0.40538105368614197
19059,0.6339245438575745
19060,0.41110560297966003
19061,0.6002322435379028
19062,0.4436701536178589
19063,0.3318845331668854
19064,0.2667170763015747
19065,0.425814151763916
19068,0.8725022077560425
19069,0.4421834349632263
19070,0.16732372343540192
19071,0.2729959487915039
19072,0.7366521954536438
19073,0.41719290614128113
19076,0.492610901594162
19077,0.3585582971572876
19078,0.33905693888664246
19079,0.42386212944984436
19080,0.6295350790023804
19081,0.5358917117118835
19082,0.2976965308189392
19083,0.6488110423088074
19084,0.2952265441417694
19085,0.2582966983318329
19086,0.5736783146858215
19087,0.3880963623523712
19089,0.44761815667152405
19090,0.456941157579422
19091,0.430624395608902
19092,0.3745327889919281
19093,0.3766360580921173
19094,0.45398470759391785
19095,0.39932847023010254
19096,0.46171605587005615
19097,0.3360343277454376
19098,0.4902684986591339
19099,0.6676074862480164
19100,0.5966824293136597
19101,0.24404104053974152
19102,0.39439713954925537
19103,0.41925036907196045
19104,0.6486538648605347
19105,0.40745458006858826
19106,0.7608808875083923
19107,0.31637969613075256
19108,0.33381223678588867
19109,0.43722110986709595
19110,0.3682504892349243
19111,0.28367650508880615
19112,0.7561926245689392
19113,0.6953876614570618
19114,0.46643370389938354
19116,0.5392709970474243
19117,0.4580596089363098
19118,0.5100095272064209
19119,0.3307109475135803
19120,0.30542096495628357
19122,0.20573388040065765
19123,0.8816490769386292
19124,0.4435407519340515
19125,0.3219195604324341
19126,0.3977009356021881
19127,0.3041628301143646
19129,0.3856033384799957
19130,0.224351704120636
19131,0.19813717901706696
19132,0.36284738779067993
19134,0.3936924338340759
19135,0.26925408840179443
19136,0.5306961536407471
19137,0.5473684072494507
19138,0.44595903158187866
19139,0.590688943862915
19140,0.7961268424987793
19141,0.3981817364692688
19143,0.48287007212638855
19144,0.3857022821903229
19145,0.6361066699028015
19146,0.6938758492469788
19147,0.3199535310268402
19148,0.7052739262580872
19149,0.37777388095855713
19150,0.69527667760849
19151,0.3069971799850464
19152,0.562902569770813
19153,0.3029738664627075
19154,0.3265269994735718
19155,0.4003736972808838
19156,0.4881446659564972
19158,0.5475988984107971
19159,0.7303212285041809
19160,0.4225364327430725
19161,0.5302693843841553
19162,0.3029164969921112
19163,0.444462388753891
19164,0.46405935287475586
19165,0.42360204458236694
19166,0.44507527351379395
19167,0.6160472631454468
19168,0.26339665055274963
19169,0.3542998731136322
19170,0.47673770785331726
19171,0.2613452672958374
19172,0.44031646847724915
19173,0.48375043272972107
19174,0.830560028553009
19175,0.2922646403312683
19176,0.45327866077423096
19177,0.4168855547904968
19178,0.2599235475063324
19179,0.47770997881889343
19180,0.19893138110637665
19181,0.39727485179901123
19183,0.3448975682258606
19184,0.31483325362205505
19185,0.4268213212490082
19186,0.6175696849822998
19187,0.419279545545578
19188,0.6357143521308899
19189,0.32676616311073303
19190,0.7019307017326355
19191,0.3774867057800293
19192,0.5604214072227478
19193,0.46485254168510437
19194,0.4071129560470581
19195,0.6773826479911804
19196,0.6299973726272583
19197,0.8344680070877075
19198,0.503238320350647
19199,0.5562707185745239
19200,0.4868965446949005
19201,0.6276224255561829
19202,0.6389250755310059
19203,0.38915926218032837
19204,0.4187374711036682
19205,0.6524778008460999
19206,0.48531603813171387
19207,0.6425527334213257
19208,0.4198629558086395
19209,0.6113331913948059
19210,0.6617156863212585
19211,0.6934416890144348
19212,0.6672781109809875
19213,0.3695874512195587
19214,0.5916195511817932
19215,0.6941105127334595
19216,0.4645463526248932
19217,0.4568270742893219
19219,0.21886004507541656
19220,0.41929370164871216
19221,0.22865581512451172
19222,0.6431065201759338
19223,0.5277968049049377
19224,0.3179674744606018
19225,0.2816566526889801
19226,0.3670874834060669
19227,0.5483300089836121
19228,0.30640655755996704
19229,0.7290536761283875
19230,0.43547701835632324
19231,0.25388824939727783
19232,0.4588675796985626
19233,0.4829447269439697
19234,0.5594365000724792
19236,0.5487377047538757
19237,0.5293501615524292
19238,0.5128435492515564
19239,0.6147534251213074
19240,0.47779136896133423
19241,0.7162449359893799
19242,0.480158269405365
19243,0.7416368722915649
19244,0.5651341676712036
19245,0.35147854685783386
19246,0.3013645112514496
19247,0.37554800510406494
19248,0.6593973636627197
19249,0.35323238372802734
19250,0.6176292896270752
19251,0.4149671792984009
19253,0.3621424436569214
19254,0.43492451310157776
19255,0.3257506787776947
19256,0.6224415302276611
19257,0.4116533696651459
19258,0.5830321311950684
19259,0.39442309737205505
19260,0.4374375641345978
19261,0.6054378151893616
19262,0.5382294654846191
19263,0.5637884736061096
19264,0.40460556745529175
19265,0.6153571009635925
19266,0.7949117422103882
19267,0.8000534772872925
19268,0.42325493693351746
19270,0.6383699178695679
19271,0.6321099400520325
19272,0.38166287541389465
19273,0.6250541806221008
19274,0.35751283168792725
19275,0.8058745265007019
19276,0.35184839367866516
19277,0.4138262867927551
19278,0.8613495230674744
19280,0.3456849455833435
19281,0.49977347254753113
19282,0.3371613621711731
19283,0.43921995162963867
19285,0.3780040442943573
19286,0.503308892250061
19287,0.31585726141929626
19289,0.44125351309776306
19290,0.5520482659339905
19291,0.2667694389820099
19292,0.49309539794921875
19293,0.42656010389328003
19294,0.49909624457359314
19295,0.46358880400657654
19296,0.41959336400032043
19297,0.4454871714115143
19298,0.5409083366394043
19300,0.36607471108436584
19301,0.6238099336624146
19302,0.4688914120197296
19303,0.3418436050415039
19304,0.4085884988307953
19305,0.3615129292011261
19306,0.3586181700229645
19307,0.5568618774414062
19308,0.4176807403564453
19310,0.31329795718193054
19311,0.7307133674621582
19312,0.8338205218315125
19313,0.8713206052780151
19314,0.5654147267341614
19315,0.5900930762290955
19316,0.39909058809280396
19317,0.404608815908432
19318,0.43092262744903564
19319,0.3819432854652405
19320,0.24549579620361328
19321,0.44632333517074585
19322,0.48473653197288513
19323,0.2593945860862732
19324,0.4133739769458771
19326,0.2924864888191223
19327,0.37325507402420044
19328,0.24478061497211456
19329,0.3364512622356415
19330,0.24865616858005524
19331,0.6272519826889038
19332,0.33895283937454224
19333,0.41094231605529785
19334,0.5531688928604126
19335,0.5729347467422485
19336,0.5786759257316589
19337,0.3856998085975647
19338,0.3429642617702484
19339,0.3615054786205292
19340,0.297423779964447
19341,0.3634927570819855
19342,0.8293917179107666
19343,0.5069132447242737
19344,0.40478917956352234
19345,0.30864661931991577
19346,0.7418897747993469
19348,0.2956209182739258
19349,0.27046263217926025
19350,0.3897484838962555
19351,0.5981842279434204
19352,0.5690640807151794
19353,0.2830769717693329
19354,0.5140297412872314
19355,0.7895814180374146
19356,0.3198310136795044
19357,0.3292413055896759
19358,0.2251645028591156
19359,0.6314835548400879
19360,0.6800693869590759
19361,0.44324207305908203
19362,0.3461705148220062
19363,0.6883243918418884
19364,0.5250388979911804
19366,0.60596764087677
19368,0.5163743495941162
19369,0.3541375696659088
19371,0.23482275009155273
19372,0.5173583030700684
19373,0.2846643626689911
19374,0.2592036724090576
19375,0.39398857951164246
19376,0.2440447062253952
19377,0.26529592275619507
19378,0.6337934732437134
19379,0.6220834255218506
19380,0.5374377369880676
19381,0.6580521464347839
19382,0.49853622913360596
19383,0.6615874767303467
19384,0.25987866520881653
19385,0.36964714527130127
19386,0.7052231431007385
19387,0.2970951795578003
19388,0.41791999340057373
19389,0.43080028891563416
19390,0.2516059875488281
19391,0.5381928086280823
19392,0.40333476662635803
19393,0.16031326353549957
19394,0.32731327414512634
19395,0.935306191444397
19396,0.46288585662841797
19397,0.4427029490470886
19398,0.23069293797016144
19400,0.33487945795059204
19401,0.3498619496822357
19402,0.4090327322483063
19403,0.634732186794281
19404,0.28518086671829224
19405,0.3797960877418518
19406,0.5098795294761658
19408,0.4651004374027252
19409,0.32678720355033875
19410,0.5702601075172424
19411,0.25396087765693665
19412,0.5431113839149475
19413,0.7347450852394104
19414,0.6876681447029114
19415,0.41032254695892334
19416,0.39924055337905884
19417,0.3984319269657135
19419,0.557079017162323
19420,0.34230393171310425
19421,0.8042209148406982
19422,0.4602741003036499
19423,0.4652606248855591
19424,0.2415771186351776
19425,0.4273477792739868
19427,0.8188483715057373
19428,0.3518449366092682
19429,0.4919931888580322
19430,0.23100051283836365
19431,0.48735377192497253
19432,0.3778892457485199
19433,0.4811142385005951
19434,0.32870063185691833
19435,0.5818217396736145
19436,0.35047805309295654
19437,0.4544312357902527
19438,0.3280293643474579
19439,0.419293612241745
19440,0.2431601732969284
19441,0.8670804500579834
19442,0.4250711500644684
19443,0.548453152179718
19444,0.43991002440452576
19445,0.3523155450820923
19446,0.6631039381027222
19447,0.34893178939819336
19448,0.4360203742980957
19449,0.42471832036972046
19450,0.2749210298061371
19451,0.576362133026123
19454,0.30072659254074097
19455,0.3669709861278534
19456,0.4536944031715393
19457,0.5192371606826782
19458,0.3180180788040161
19459,0.5743451714515686
19460,0.4705817997455597
19462,0.44639649987220764
19463,0.8263767957687378
19464,0.32825449109077454
19465,0.20335723459720612
19466,0.3787783980369568
19467,0.3863521218299866
19468,0.5983951091766357
19469,0.29871970415115356
19470,0.654170036315918
19471,0.6026824712753296
19472,0.263168066740036
19473,0.6561033725738525
19474,0.6018552780151367
19475,0.6349362730979919
19476,0.4796723425388336
19477,0.46358993649482727
19478,0.7230521440505981
19479,0.3501024842262268
19480,0.2950483560562134
19481,0.7101762890815735
19482,0.5885545611381531
19484,0.5470173358917236
19485,0.5023562908172607
19488,0.2528104782104492
19489,0.2972239851951599
19490,0.33447059988975525
19491,0.2715960443019867
19492,0.3004356622695923
19493,0.2120710164308548
19494,0.45990729331970215
19495,0.33059370517730713
19496,0.6302917003631592
19497,0.15571165084838867
19498,0.5342047214508057
19499,0.7293928265571594
19500,0.3755260109901428
19501,0.5745423436164856
19502,0.9006739854812622
19503,0.3678063452243805
19504,0.42906928062438965
19505,0.588574230670929
19506,0.5353705286979675
19507,0.5190831422805786
19508,0.25516730546951294
19509,0.2671396732330322
19510,0.22870802879333496
19511,0.49937981367111206
19512,0.6731809973716736
19513,0.4363134205341339
19514,0.427215039730072
19515,0.28807225823402405
19516,0.5806942582130432
19517,0.38184359669685364
19518,0.8337181210517883
19519,0.43938174843788147
19520,0.4919036030769348
19521,0.2976931929588318
19522,0.7460457682609558
19523,0.567322850227356
19524,0.6782553791999817
19525,0.4773159325122833
19526,0.30978286266326904
19527,0.3608638048171997
19528,0.26696470379829407
19529,0.9028995633125305
19530,0.7721009254455566
19533,0.3664875030517578
19534,0.4710860252380371
19535,0.3598301410675049
19536,0.3963550925254822
19537,0.29413866996765137
19538,0.3881559669971466
19539,0.5486773252487183
19540,0.5705136656761169
19541,0.4062698483467102
19542,0.33199557662010193
19543,0.4175596833229065
19544,0.35535961389541626
19545,0.40704771876335144
19546,0.31040728092193604
19547,0.6297188997268677
19548,0.3743988573551178
19549,0.15816985070705414
19550,0.26343461871147156
19553,0.43829992413520813
19554,0.4769228398799896
19555,0.5182697176933289
19556,0.7697194218635559
19557,0.760709822177887
19558,0.24858184158802032
19559,0.6509389281272888
19561,0.5137917399406433
19562,0.7799821496009827
19563,0.3989918828010559
