essay_id,pred
2978,0.5908322
2979,0.22426601
2980,0.4792909
2981,0.6678009
2982,0.6609403
2983,0.523326
2984,0.7416376
2985,0.66756403
2986,0.625614
2987,0.5536767
2988,0.4283128
2989,0.52231866
2990,0.6630766
2991,0.5645529
2992,0.18377955
2993,0.618925
2994,0.6295768
2995,0.50094813
2996,0.33466
2997,0.45660955
2998,0.27056634
2999,0.35896754
3000,0.40529758
3001,0.5305341
3002,0.58793175
3003,0.6110482
3004,0.35515732
3005,0.21863307
3006,0.45659786
3007,0.5277186
3008,0.60173243
3009,0.36077562
3010,0.31603137
3011,0.46166682
3012,0.42841032
3013,0.61667466
3014,0.5010773
3015,0.62610483
3016,0.55310047
3017,0.7310772
3018,0.5517754
3019,0.46452087
3020,0.71549827
3021,0.6072083
3022,0.5412563
3023,0.48109218
3024,0.6902014
3025,0.56278443
3026,0.559147
3027,0.6736602
3028,0.63188857
3029,0.46347815
3030,0.5065309
3031,0.3416362
3032,0.6434553
3033,0.66368836
3034,0.8038532
3035,0.30300972
3036,0.48499325
3037,0.66395634
3038,0.23052248
3039,0.2992973
3040,0.57077426
3041,0.65559167
3042,0.55313325
3043,0.49632838
3044,0.48290932
3045,0.5504518
3046,0.39492267
3047,0.47796202
3048,0.64719623
3049,0.45665976
3050,0.5362408
3051,0.62601966
3052,0.6465187
3053,0.5454792
3054,0.50966024
3055,0.47269776
3056,0.52262354
3057,0.23782925
3058,0.52782255
3059,0.5159116
3060,0.5316836
3061,0.47933117
3062,0.48872876
3063,0.5662397
3064,0.47939572
3065,0.33103257
3066,0.10542298
3067,0.56731266
3068,0.38319072
3069,0.60275173
3070,0.51849973
3071,0.5027191
3072,0.6500073
3073,0.8869135
3074,0.72808254
3075,0.7990658
3076,0.5205746
3077,0.74417
3078,0.508811
3079,0.5625763
3080,0.6639099
3081,0.5041736
3082,0.5357199
3083,0.5037277
3084,0.6761122
3085,0.32143652
3086,0.23275182
3087,0.5485631
3088,0.49235466
3089,0.59250873
3090,0.5169148
3091,0.37272868
3092,0.28742906
3093,0.49472597
3094,0.4596712
3095,0.38111007
3096,0.23326148
3097,0.5241647
3098,0.3789942
3099,0.6539889
3100,0.4729095
3101,0.3796756
3102,0.46921888
3103,0.4249077
3104,0.6927151
3105,0.4025745
3106,0.76971936
3107,0.6500218
3108,0.4242777
3109,0.591319
3110,0.40084985
3111,0.39166576
3112,0.43744308
3113,0.4838942
3114,0.6754743
3115,0.49118474
3116,0.4313672
3117,0.43283728
3118,0.35091972
3119,0.7593777
3120,0.6094439
3121,0.58556604
3122,0.6414483
3123,0.5361436
3124,0.5436608
3125,0.61129194
3126,0.74159
3127,0.5524339
3128,0.5258073
3129,0.8228057
3130,0.6671235
3131,0.43071198
3132,0.52146876
3133,0.6386449
3134,0.62211484
3135,0.37630323
3136,0.5096865
3137,0.4896242
3138,0.56442547
3139,0.47804153
3140,0.4575929
3141,0.5065163
3142,0.5371205
3143,0.45463654
3144,0.5905276
3145,0.6087629
3146,0.3255011
3147,0.4237687
3148,0.5045687
3149,0.5123686
3150,0.72347134
3151,0.5983157
3152,0.57749605
3153,0.63192296
3154,0.33370426
3155,0.31072414
3156,0.47890243
3157,0.6689659
3158,0.2425577
3159,0.37860996
3160,0.5480203
3161,0.5792042
3162,0.58678615
3163,0.612093
3164,0.45643067
3165,0.3815786
3166,0.5592582
3167,0.3333081
3168,0.49781477
3169,0.6895731
3170,0.4223439
3171,0.749094
3172,0.6441905
3173,0.6623053
3174,0.4067247
3175,0.68542933
3176,0.6238758
3177,0.25321558
3178,0.5279212
3179,0.45522788
3180,0.705279
3181,0.7311298
3182,0.29634845
3183,0.5044423
3184,0.5303891
3185,0.49283764
3186,0.45510855
3187,0.56252974
3188,0.49563193
3189,0.63110584
3190,0.5540024
3191,0.6457387
3192,0.36637652
3193,0.5730319
3194,0.4797912
3195,0.5528644
3196,0.6740638
3197,0.2986485
3198,0.51214385
3199,0.5025437
3200,0.61935073
3201,0.43242157
3202,0.6669876
3203,0.5535574
3204,0.5707229
3205,0.57596904
3206,0.6876496
3207,0.4534092
3208,0.5823302
3209,0.3158312
3210,0.60588956
3211,0.54849935
3212,0.6593257
3213,0.49088472
3214,0.7393161
3215,0.31712228
3216,0.6235218
3217,0.747206
3218,0.5741771
3219,0.7365133
3220,0.52213234
3221,0.6318938
3222,0.30078557
3223,0.5259215
3224,0.5866218
3225,0.43151444
3226,0.4397325
3227,0.5857707
3228,0.73559445
3229,0.5459903
3230,0.24918252
3231,0.595673
3232,0.40998974
3233,0.53176516
3234,0.5455027
3235,0.6892215
3236,0.64968103
3237,0.16809565
3238,0.40474987
3239,0.566861
3240,0.3096644
3241,0.067188814
3242,0.55457294
3243,0.7042452
3244,0.2317092
3245,0.23965463
3246,0.40380943
3247,0.61008334
3248,0.5856048
3249,0.7295476
3250,0.30746487
3251,0.46046093
3252,0.5480702
3253,0.57276005
3254,0.67626834
3255,0.5761298
3256,0.491414
3257,0.2341927
3258,0.6922332
3259,0.21310809
3260,0.65140676
3261,0.6471296
3262,0.48457313
3263,0.67888457
3264,0.3994238
3265,0.7228568
3266,0.72829443
3267,0.50435257
3268,0.5689423
3269,0.54305506
3270,0.57104975
3271,0.5996736
3272,0.19211257
3273,0.6151598
3274,0.5449053
3275,0.64032686
3276,0.55534184
3277,0.8352623
3278,0.6078977
3279,0.6690816
3280,0.36205834
3281,0.69100094
3282,0.5710799
3283,0.5327143
3284,0.5686156
3285,0.4566014
3286,0.50801384
3287,0.5523777
3288,0.6009384
3289,0.37596828
3290,0.57746035
3291,0.7026989
3292,0.7594425
3293,0.55861974
3294,0.5554644
3295,0.41067123
3296,0.5599617
3297,0.3865849
3298,0.7549355
3299,0.6292434
3300,0.59290695
3301,0.50553805
3302,0.5680618
3303,0.39186862
3304,0.5626414
3305,0.4770496
3306,0.6448888
3307,0.42874423
3308,0.48777112
3309,0.58515525
3310,0.8502551
3311,0.65641326
3312,0.6878938
3313,0.5504077
3314,0.4992926
3315,0.6523507
3316,0.5371467
3317,0.5652284
3318,0.44114065
3319,0.4658225
3320,0.52646786
3321,0.5888421
3322,0.44112724
3323,0.61729544
3324,0.3615852
3325,0.690675
3326,0.495809
3327,0.51721114
3328,0.4021977
3329,0.30550015
3330,0.46002695
3331,0.75682443
3332,0.4081519
3333,0.3443314
3334,0.5780206
3335,0.41994306
3336,0.26300964
3337,0.6047561
3338,0.49121296
3339,0.5651668
3340,0.66401345
3341,0.4938989
3342,0.67978156
3343,0.7279471
3344,0.7600669
3345,0.3997132
3346,0.43661827
3347,0.5801396
3348,0.47197697
3349,0.43838584
3350,0.37581846
3351,0.5780212
3352,0.1475535
3353,0.5674714
3354,0.40281254
3355,0.5397265
3356,0.51690507
3357,0.5330571
3358,0.5629521
3359,0.33353153
3360,0.44520643
3361,0.64769906
3362,0.44703203
3363,0.28022084
3364,0.5732168
3365,0.500423
3366,0.5326294
3367,0.8260636
3368,0.54696506
3369,0.4490429
3370,0.62940973
3371,0.6681326
3372,0.47548074
3373,0.50036776
3374,0.5006729
3375,0.47968102
3376,0.5540647
3377,0.38344693
3378,0.43538246
3379,0.5605008
3380,0.56296474
3381,0.52245504
3382,0.3974833
3383,0.68636394
3384,0.6554742
3385,0.6970919
3386,0.68148714
3387,0.49217084
3388,0.3029197
3389,0.46976507
3390,0.50524867
3391,0.6914225
3392,0.4263241
3393,0.31623724
3394,0.61790705
3395,0.43982726
3396,0.47956932
3397,0.74149853
3398,0.6481374
3399,0.55571175
3400,0.6301129
3401,0.3990596
3402,0.58770144
3403,0.6002036
3404,0.5440434
3405,0.68092155
3406,0.6163631
3407,0.6363309
3408,0.5629266
3409,0.63968664
3410,0.43739143
3411,0.47666723
3412,0.54067934
3413,0.45770547
3414,0.6020193
3415,0.38682094
3416,0.4148501
3417,0.5181207
3418,0.78350353
3419,0.46251512
3420,0.5728066
3421,0.5981632
3422,0.3323094
3423,0.2218014
3424,0.7140554
3425,0.5277483
3426,0.35468364
3427,0.4931204
3428,0.7440843
3429,0.43441138
3430,0.4823706
3431,0.46703103
3432,0.4773741
3433,0.48883632
3434,0.68170625
3435,0.38284805
3436,0.47752276
3437,0.28257266
3438,0.4371155
3439,0.34843752
3440,0.6623714
3441,0.5577797
3442,0.63525
3443,0.73476434
3444,0.5058465
3445,0.5707049
3446,0.64845955
3447,0.6990363
3448,0.5871589
3449,0.55530316
3450,0.5519837
3451,0.612537
3452,0.5668117
3453,0.5457714
3454,0.30155143
3455,0.6021507
3456,0.5454361
3457,0.5013168
3458,0.4136787
3459,0.502738
3460,0.7063573
3461,0.40006226
3462,0.46843758
3463,0.38389692
3464,0.55494887
3465,0.3373041
3466,0.48624432
3467,0.6060151
3468,0.61299175
3469,0.5108193
3470,0.63564056
3471,0.49541882
3472,0.2929475
3473,0.09375412
3474,0.6242091
3475,0.39974564
3476,0.58686465
3477,0.48406935
3478,0.48589686
3479,0.50030416
3480,0.40565753
3481,0.46117666
3482,0.49043378
3483,0.6017633
3484,0.44513527
3485,0.6514259
3486,0.30307442
3487,0.6749584
3488,0.54767734
3489,0.45481482
3490,0.45334667
3491,0.27975956
3492,0.6071654
3493,0.21370816
3494,0.49631876
3495,0.5082135
3496,0.5595403
3497,0.52453715
3498,0.5196801
3499,0.44592848
3500,0.238528
3501,0.56139153
3502,0.49721584
3503,0.35762793
3504,0.4335776
3505,0.22773807
3506,0.53466547
3507,0.5741672
3508,0.5420314
3509,0.6503651
3510,0.36090696
3511,0.5244449
3512,0.5696917
3513,0.539934
3514,0.6442779
3515,0.40996143
3516,0.6058504
3517,0.22383009
3518,0.49931672
3519,0.624327
3520,0.67711395
3521,0.5959491
3522,0.4844688
3523,0.60807586
3524,0.5757729
3525,0.5777679
3526,0.39681128
3527,0.56191915
3528,0.59533566
3529,0.60207313
3530,0.60078543
3531,0.66286623
3532,0.46007362
3533,0.5737859
3534,0.48716414
3535,0.46254486
3536,0.5793228
3537,0.6571732
3538,0.53783566
3539,0.7664361
3540,0.53770936
3541,0.49064675
3542,0.5706491
3543,0.39098048
3544,0.6894451
3545,0.58766645
3546,0.80779606
3547,0.5305204
3548,0.5465168
3549,0.5686854
3550,0.68567175
3551,0.65303904
3552,0.52961814
3553,0.4995198
3554,0.45952868
3555,0.5974675
3556,0.17028692
3557,0.5132704
3558,0.44369134
3559,0.52793896
3560,0.54930717
3561,0.47362706
3562,0.45490775
3563,0.5116476
3564,0.57883286
3565,0.53903365
3566,0.5453005
3567,0.47204235
3568,0.50162625
3569,0.62331295
3570,0.7219497
3571,0.44503477
3572,0.2576919
3573,0.56948316
3574,0.53136694
3575,0.6757114
3576,0.46534348
3577,0.562684
3578,0.5335997
3579,0.69398624
3580,0.32459223
3581,0.47716597
3582,0.3272056
3583,0.44911286
3584,0.50248957
3585,0.4236663
3586,0.52191573
3587,0.22548106
3588,0.27447143
3589,0.68528706
3590,0.4728616
3591,0.64126813
3592,0.47879124
3593,0.6478884
3594,0.6848312
3595,0.59461343
3596,0.67168444
3597,0.35955605
3598,0.47752538
3599,0.49785915
3600,0.4333328
3601,0.6663756
3602,0.56939197
3603,0.48484406
3604,0.3378336
3605,0.72981834
3606,0.5349684
3607,0.7088283
3608,0.55582416
3609,0.63204926
3610,0.3976837
3611,0.28062403
3612,0.5142584
3613,0.60117626
3614,0.59405047
3615,0.5650634
3616,0.46368363
3617,0.5259784
3618,0.53540695
3619,0.6099951
3620,0.62714094
3621,0.5858623
3622,0.5561682
3623,0.33023393
3624,0.49892646
3625,0.40809017
3626,0.6972493
3627,0.5535177
3628,0.6647771
3629,0.39766636
3630,0.52603924
3631,0.40956303
3632,0.44369587
3633,0.46945685
3634,0.30087212
3635,0.4453615
3636,0.5094034
3637,0.5910724
3638,0.42591494
3639,0.46393606
3640,0.66887856
3641,0.29300195
3642,0.48334894
3643,0.3886776
3644,0.42154652
3645,0.44213873
3646,0.5627926
3647,0.6314716
3648,0.66020185
3649,0.5824131
3650,0.6968758
3651,0.5447628
3652,0.6899995
3653,0.7059897
3654,0.550758
3655,0.44999003
3656,0.18794142
3657,0.6930023
3658,0.7057242
3659,0.22969617
3660,0.4560206
3661,0.6955238
3662,0.69956374
3663,0.20167539
3664,0.5951385
3665,0.53373754
3666,0.40178308
3667,0.4678893
3668,0.5913242
3669,0.43342218
3670,0.087635584
3671,0.56345
3672,0.5235771
3673,0.48347342
3674,0.5781467
3675,0.53828025
3676,0.68923825
3677,0.590299
3678,0.45112494
3679,0.45383647
3680,0.37220138
3681,0.4891359
3682,0.6439836
3683,0.47810426
3684,0.3318909
3685,0.31732652
3686,0.3418765
3687,0.6288973
3688,0.54395497
3689,0.5891706
3690,0.45332864
3691,0.6989171
3692,0.5789248
3693,0.5495993
3694,0.52426714
3695,0.5713751
3696,0.53846925
3697,0.6743187
3698,0.60021925
3699,0.32272056
3700,0.51811904
3701,0.48505807
3702,0.54045755
3703,0.42904398
3704,0.45152265
3705,0.21616642
3706,0.5316998
3707,0.67645967
3708,0.5901469
3709,0.52870554
3710,0.586044
3711,0.40514374
3712,0.4350668
3713,0.6621647
3714,0.30761203
3715,0.43564177
3716,0.5566102
3717,0.48341712
3718,0.41821462
3719,0.66591525
3720,0.5621601
3721,0.60890085
3722,0.747782
3723,0.81267446
3724,0.46398965
3725,0.5626942
3726,0.53085023
3727,0.54584587
3728,0.587299
3729,0.3788652
3730,0.46825486
3731,0.2136972
3732,0.5959811
3733,0.5182724
3734,0.24043919
3735,0.5220886
3736,0.6095514
3737,0.5933457
3738,0.45255855
3739,0.38794717
3740,0.7282396
3741,0.15478411
3742,0.6863129
3743,0.500156
3744,0.42193103
3745,0.27097505
3746,0.5346394
3747,0.41859204
3748,0.5099598
3749,0.47693634
3750,0.65443283
3751,0.76552874
3752,0.44128662
3753,0.47348207
3754,0.43845513
3755,0.60607016
3756,0.6090828
3757,0.4826981
3758,0.46483347
3759,0.28563282
3760,0.35690597
3761,0.6906424
3762,0.2723124
3763,0.6927064
3764,0.4101254
3765,0.551687
3766,0.3634821
3767,0.58421075
3768,0.72996837
3769,0.42385665
3770,0.6863405
3771,0.54783165
3772,0.38158885
3773,0.50339365
3774,0.4244629
3775,0.6025444
3776,0.5305302
3777,0.59405094
3778,0.54524434
3779,0.27180442
3780,0.63342935
3781,0.5305561
3782,0.44321632
3783,0.61947554
3784,0.7920401
3785,0.17614193
3786,0.45469555
3787,0.4612149
3788,0.617094
3789,0.4141974
3790,0.37184918
3791,0.47433293
3792,0.3867548
3793,0.78004634
3794,0.5871241
3795,0.57188267
3796,0.58609164
3797,0.5511814
3798,0.7100853
3799,0.30520314
3800,0.4894221
3801,0.18753394
3802,0.6080358
3803,0.33119148
3804,0.545369
3805,0.27750933
3806,0.5860238
3807,0.5398006
3808,0.40169558
3809,0.7389583
3810,0.35091436
3811,0.54298794
3812,0.4558824
3813,0.4662753
3814,0.41851184
3815,0.52166855
3816,0.4229507
3817,0.28220284
3818,0.42607
3819,0.5545907
3820,0.57514334
3821,0.499909
3822,0.561741
3823,0.50268704
3824,0.6233897
3825,0.55145836
3826,0.70372754
3827,0.6310555
3828,0.51006764
3829,0.48802653
3830,0.5114197
3831,0.4199372
3832,0.5208408
3833,0.6207814
3834,0.45784423
3835,0.44753823
3836,0.68445563
3837,0.38776088
3838,0.48942846
3839,0.44647843
3840,0.7538621
3841,0.2891376
3842,0.529891
3843,0.5803207
3844,0.6446418
3845,0.23049375
3846,0.61752707
3847,0.6937177
3848,0.5728497
3849,0.7060592
3850,0.4044406
3851,0.54155403
3852,0.46549618
3853,0.47368386
3854,0.49069268
3855,0.45657814
3856,0.44751692
3857,0.65849674
3858,0.49634755
3859,0.5945732
3860,0.56984156
3861,0.3583303
3862,0.734139
3863,0.5537224
3864,0.5602591
3865,0.55348694
3866,0.3502327
3867,0.39313775
3868,0.59467703
3869,0.5806932
3870,0.4476256
3871,0.6620267
3872,0.4773935
3873,0.7883523
3874,0.44780755
3875,0.76555467
3876,0.6984203
3877,0.5613709
3878,0.516877
3879,0.07395964
3880,0.4518123
3881,0.6616896
3882,0.28905338
3883,0.2254009
3884,0.49273404
3885,0.45697376
3886,0.64026546
3887,0.4648393
3888,0.6356318
3889,0.63999003
3890,0.590625
3891,0.4363367
3892,0.5048716
3893,0.6950224
3894,0.52028525
3895,0.4126099
3896,0.644334
3897,0.5014731
3898,0.6018797
3899,0.51578987
3900,0.40157792
3901,0.5613073
3902,0.62450826
3903,0.1141749
3904,0.62421054
3905,0.44773108
3906,0.73241895
3907,0.5454004
3908,0.687663
3909,0.501795
3910,0.46028695
3911,0.51702607
3912,0.504081
3913,0.42202058
3914,0.52332765
3915,0.57020617
3916,0.48528174
3917,0.61299944
3918,0.708911
3919,0.7105058
3920,0.7694479
3921,0.5860346
3922,0.5938194
3923,0.637772
3924,0.54942113
3925,0.57535034
3926,0.4681657
3927,0.5190914
3928,0.44258073
3929,0.36950222
3930,0.62171596
3931,0.52754843
3932,0.6928434
3933,0.51862884
3934,0.6059346
3935,0.513307
3936,0.4365307
3937,0.6755098
3938,0.52876544
3939,0.54002064
3940,0.56477296
3941,0.38746858
3942,0.4473962
3943,0.5451699
3944,0.49364522
3945,0.5275759
3946,0.4502385
3947,0.49716428
3948,0.33629125
3949,0.66554195
3950,0.50768787
3951,0.84537387
3952,0.21100423
3953,0.6051368
3954,0.6440533
3955,0.52311796
3956,0.7397933
3957,0.38407
3958,0.5467644
3959,0.6171239
3960,0.48128456
3961,0.7709404
3962,0.7323488
3963,0.58342284
3964,0.43304938
3965,0.79436696
3966,0.34080404
3967,0.4112589
3968,0.54289216
3969,0.48024783
3970,0.7171151
3971,0.43411922
3972,0.48473814
3973,0.25322518
3974,0.3363957
3975,0.5622405
3976,0.4366464
3977,0.58194584
3978,0.71843475
3979,0.37257102
3980,0.3230458
3981,0.758837
3982,0.5927524
3983,0.7244007
3984,0.6352257
3985,0.39203167
3986,0.73185533
3987,0.43015528
3988,0.51375115
3989,0.45393786
3990,0.6405361
3991,0.50800055
3992,0.5555105
3993,0.301252
3994,0.6415557
3995,0.54261637
3996,0.6569894
3997,0.39448193
3998,0.49441385
3999,0.6895385
4000,0.36200124
4001,0.44325635
4002,0.43021327
4003,0.5640684
4004,0.3683219
4005,0.58945376
4006,0.46228066
4007,0.37674052
4008,0.11882288
4009,0.34668398
4010,0.6678554
4011,0.42481038
4012,0.5591623
4013,0.54185146
4014,0.6190557
4015,0.63501716
4016,0.5353022
4017,0.5749738
4018,0.649321
4019,0.6656192
4020,0.49245313
4021,0.4623255
4022,0.7003926
4023,0.58913755
4024,0.107939
4025,0.6200304
4026,0.82734436
4027,0.33326778
4028,0.696107
4029,0.53838205
4030,0.55875874
4031,0.27871212
4032,0.54132885
4033,0.68201584
4034,0.59729385
4035,0.6078074
4036,0.5443837
4037,0.6360593
4038,0.7032385
4039,0.53268987
4040,0.6392864
4041,0.5293697
4042,0.48522344
4043,0.4512827
4044,0.7128487
4045,0.5621335
4046,0.8205743
4047,0.37143767
4048,0.4703897
4049,0.5755009
4050,0.5062801
4051,0.5092845
4052,0.61958605
4053,0.54890805
4054,0.40883496
4055,0.68337685
4056,0.57615525
4057,0.6481272
4058,0.54532665
4059,0.5717295
4060,0.71686995
4061,0.74143046
4062,0.59941095
4063,0.5588707
4064,0.42628047
4065,0.34034878
4066,0.58030975
4067,0.5308931
4068,0.49344045
4069,0.46531492
4070,0.54046446
4071,0.45137084
4072,0.67392486
4073,0.64868855
4074,0.6644642
4075,0.5621786
4076,0.5775143
4077,0.3255006
4078,0.63803047
4079,0.6178542
4080,0.7013844
4081,0.6229458
4082,0.58117825
4083,0.63427126
4084,0.6590685
4085,0.47499612
4086,0.5425624
4087,0.559322
4088,0.69524086
4089,0.5681863
4090,0.52145904
4091,0.6129163
4092,0.5661983
4093,0.7011072
4094,0.6863295
4095,0.73924166
4096,0.6076982
4097,0.48574725
4098,0.46765503
4099,0.64512926
4100,0.37581632
4101,0.64841425
4102,0.5074911
4103,0.58670384
4104,0.46176317
4105,0.48170635
4106,0.50663054
4107,0.46080396
4108,0.7759594
4109,0.51449615
4110,0.3953636
4111,0.7670543
4112,0.3228857
4113,0.4244185
4114,0.4965537
4115,0.30203685
4116,0.54856426
4117,0.5950245
4118,0.45567894
4119,0.4117832
4120,0.36428267
4121,0.47758377
4122,0.34040794
4123,0.6352827
4124,0.13125873
4125,0.692446
4126,0.67206687
4127,0.5821383
4128,0.61493766
4129,0.6409393
4130,0.7203889
4131,0.62318957
4132,0.49701247
4133,0.71638286
4134,0.75867134
4135,0.4174339
4136,0.2454733
4137,0.8165576
4138,0.6335867
4139,0.6462025
4140,0.2731774
4141,0.76427144
4142,0.3976126
4143,0.55443615
4144,0.67914855
4145,0.67765605
4146,0.4957014
4147,0.46515113
4148,0.60819536
4149,0.49782375
4150,0.42993504
4151,0.3821772
4152,0.43864295
4153,0.49130577
4154,0.5343097
4155,0.3149511
4156,0.37615782
4157,0.48088598
4158,0.53095794
4159,0.3481906
4160,0.58281815
4161,0.49926686
4162,0.7539403
4163,0.26770127
4164,0.44970182
4165,0.68455774
4166,0.4767669
4167,0.38664177
4168,0.42037767
4169,0.6826554
4170,0.44890574
4171,0.7238691
4172,0.6243907
4173,0.4829185
4174,0.6514829
4175,0.4151553
4176,0.7874989
4177,0.745514
4178,0.46710718
4179,0.47150534
4180,0.51737845
4181,0.4170271
4182,0.5213373
4183,0.6600057
4184,0.5518893
4185,0.7505958
4186,0.59395
4187,0.33919948
4188,0.4370334
4189,0.46573114
4190,0.52612686
4191,0.14308932
4192,0.5692374
4193,0.4743853
4194,0.6647555
4195,0.6787351
4196,0.57876825
4197,0.54686964
4198,0.5739563
4199,0.6261073
4200,0.36662382
4201,0.7019466
4202,0.70164114
4203,0.6462251
4204,0.26430488
4205,0.49975705
4206,0.3810137
4207,0.49711335
4208,0.8887551
4209,0.69111603
4210,0.13185425
4211,0.3897252
4212,0.51693135
4213,0.5636791
4214,0.55178374
4215,0.33911505
4216,0.28510538
4217,0.8604822
4218,0.5251763
4219,0.7399054
4220,0.57864547
4221,0.3682419
4222,0.70375973
4223,0.425452
4224,0.4853568
4225,0.57266486
4226,0.7927998
4227,0.48776934
4228,0.54884547
4229,0.5320526
4230,0.6488021
4231,0.3024656
4232,0.72395945
4233,0.45520353
4234,0.35761598
4235,0.56449753
4236,0.2946648
4237,0.3011035
4238,0.45077348
4239,0.49881366
4240,0.28653803
4241,0.7101512
4242,0.3944211
4243,0.34289768
4244,0.615425
4245,0.27449116
4246,0.5825663
4247,0.3487303
4248,0.50779754
4249,0.5206886
4250,0.80130696
4251,0.47048292
4252,0.59578556
4253,0.34621602
4254,0.823835
4255,0.38885137
4256,0.47139332
4257,0.59922624
4258,0.37574616
4259,0.5838164
4260,0.58951634
4261,0.7585681
4262,0.57664734
4263,0.49511895
4264,0.35279694
4265,0.58982104
4266,0.6073755
4267,0.69710475
4268,0.48499313
4269,0.33196175
4270,0.57305294
4271,0.40965432
4272,0.65959364
4273,0.3714573
4274,0.47518748
4275,0.6344115
4276,0.44188944
4277,0.5514999
4278,0.5185251
4279,0.55933845
4280,0.5402612
4281,0.70467526
4282,0.38615942
4283,0.69382966
4284,0.2407676
4285,0.5049089
4286,0.5393877
4287,0.58142143
4288,0.52155983
4289,0.6080196
4290,0.7420604
4291,0.48367256
4292,0.23210299
4293,0.67422706
4294,0.5046923
4295,0.47753814
4296,0.56553304
4297,0.551141
4298,0.4369851
4299,0.50283
4300,0.72909963
4301,0.6618092
4302,0.36677387
4303,0.6726966
4304,0.46343827
4305,0.60869145
4306,0.574172
4307,0.52596724
4308,0.6770129
4309,0.12678556
4310,0.5422957
4311,0.32508615
4312,0.60598713
4313,0.5416118
4314,0.37995327
4315,0.44978392
4316,0.3961917
4317,0.3561469
4318,0.60611993
4319,0.40884122
4320,0.23898166
4321,0.4948295
4322,0.45034757
4323,0.5170367
4324,0.27462485
4325,0.55197453
4326,0.46638477
4327,0.3584903
4328,0.49208197
4329,0.7235627
4330,0.41247708
4331,0.55329645
4332,0.634487
4333,0.34666213
4334,0.43663248
4335,0.25996524
4336,0.4169494
4337,0.6500348
4338,0.5236603
4339,0.27235448
4340,0.5302622
4341,0.43941876
4342,0.53559923
4343,0.09497415
4344,0.6291417
4345,0.5684566
4346,0.48755693
4347,0.28468418
4348,0.4905574
4349,0.54856694
4350,0.582684
4351,0.7424843
4352,0.5070426
4353,0.18464772
4354,0.47921836
4355,0.74725497
4356,0.14544438
4357,0.3093907
4358,0.56678975
4359,0.5580918
4360,0.65312016
4361,0.63395405
4362,0.1625891
4363,0.473494
4364,0.36809918
4365,0.62960255
4366,0.588209
4367,0.5600668
4368,0.32790425
4369,0.27751723
4370,0.5654291
4371,0.59565735
4372,0.5317619
4373,0.39408854
4374,0.23440902
4375,0.5823256
4376,0.60985476
4377,0.5193139
4378,0.5642376
4379,0.6823815
4380,0.55249107
4381,0.56112707
4382,0.35319397
4383,0.21552126
4384,0.55735654
4385,0.65728116
4386,0.4327401
4387,0.338838
4388,0.70515734
4389,0.40937412
4390,0.50204325
4391,0.5198061
4392,0.78244144
4393,0.54141617
4394,0.49067378
4395,0.506105
4396,0.4833563
4397,0.48620266
4398,0.6714254
4399,0.4976381
4400,0.4263739
4401,0.8456802
4402,0.55359834
4403,0.5620289
4404,0.6582837
4405,0.6132222
4406,0.60081387
4407,0.41838807
4408,0.49310115
4409,0.42497116
4410,0.7329204
4411,0.57805544
4412,0.52893424
4413,0.6229369
4414,0.614684
4415,0.524703
4416,0.5731639
4417,0.8842252
4418,0.50736994
4419,0.7281056
4420,0.7577544
4421,0.49836233
4422,0.500724
4423,0.40966198
4424,0.20307264
4425,0.6106575
4426,0.45247316
4427,0.6145896
4428,0.7393949
4429,0.6635019
4430,0.691177
4431,0.24796933
4432,0.4184636
4433,0.7086744
4434,0.5791128
4435,0.5678174
4436,0.5122334
4437,0.47615945
4438,0.5066368
4439,0.69441617
4440,0.52550614
4441,0.5489069
4442,0.6077229
4443,0.54456514
4444,0.5219628
4445,0.65916604
4446,0.4348574
4447,0.608126
4448,0.75853515
4449,0.6154701
4450,0.35890248
4451,0.67089075
4452,0.50299585
4453,0.555985
4454,0.0873436
4455,0.75515383
4456,0.49448362
4457,0.4014395
4458,0.62878394
4459,0.63824487
4460,0.56505764
4461,0.5487342
4462,0.73984313
4463,0.7772235
4464,0.21670175
4465,0.5431621
4466,0.3637094
4467,0.43070886
4468,0.47652712
4469,0.62796843
4470,0.4225964
4471,0.56153315
4472,0.5068833
4473,0.39270464
4474,0.6788622
4475,0.18498889
4476,0.41775817
4477,0.5299089
4478,0.5632411
4479,0.49077895
4480,0.456385
4481,0.4842937
4482,0.31193057
4483,0.5754615
4484,0.5375645
4485,0.62275815
4486,0.52530843
4487,0.5111698
4488,0.46616882
4489,0.55799145
4490,0.4692732
4491,0.57128567
4492,0.3740201
4493,0.68287903
4494,0.5243001
4495,0.47850037
4496,0.4667852
4497,0.5228747
4498,0.68683463
4499,0.6283992
4500,0.35803574
4501,0.47988397
4502,0.51331866
4503,0.7707736
4504,0.45616502
4505,0.5240654
4506,0.43732804
4507,0.47044858
4508,0.5010651
4509,0.15458056
4510,0.5333268
4511,0.62404627
4512,0.51832443
4513,0.6057345
4514,0.7121363
4515,0.51481515
4516,0.39730987
4517,0.42860976
4518,0.40886053
4519,0.64218104
4520,0.5666828
4521,0.5358298
4522,0.45906502
4523,0.70077175
4524,0.369557
4525,0.5668467
4526,0.42133263
4527,0.73252213
4528,0.56369495
4529,0.43172577
4530,0.3245215
4531,0.46689546
4532,0.53842646
4533,0.51432675
4534,0.6318391
4535,0.41762337
4536,0.57859063
4537,0.7132208
4538,0.57184434
4539,0.43959945
4540,0.6664439
4541,0.76865387
4542,0.62444395
4543,0.65855783
4544,0.4586993
4545,0.45095554
4546,0.5734995
4547,0.089178
4548,0.38346148
4549,0.5665276
4550,0.36119375
4551,0.4154888
4552,0.5007778
4553,0.6527924
4554,0.47890866
4555,0.3792658
4556,0.52025425
4557,0.57379603
4558,0.6090932
4559,0.6690802
4560,0.23696713
4561,0.5196137
4562,0.75388795
4563,0.38527012
4564,0.59386
4565,0.6025059
4566,0.67754334
4567,0.64662313
4568,0.60013235
4569,0.5731747
4570,0.46996862
4571,0.53402555
4572,0.20244545
4573,0.58459413
4574,0.6277319
4575,0.44093174
4576,0.7822842
4577,0.74560475
4578,0.44113734
4579,0.7022914
4580,0.26237336
4581,0.5306245
4582,0.19694448
4583,0.5308116
4584,0.6938601
4585,0.6037505
4586,0.59631276
4587,0.42708018
4588,0.7577855
4589,0.56540036
4590,0.33564228
4591,0.60024613
4592,0.48143765
4593,0.49992442
4594,0.6661737
4595,0.36531544
4596,0.37768066
4597,0.43273497
4598,0.40771258
4599,0.34326896
4600,0.6291685
4601,0.6970842
4602,0.78064674
4603,0.5362555
4604,0.5502748
4605,0.45214576
4606,0.441004
4607,0.25396714
4608,0.38179252
4609,0.5863828
4610,0.3003746
4611,0.7043563
4612,0.676833
4613,0.6252521
4614,0.4243255
4615,0.47359878
4616,0.64140975
4617,0.56680954
4618,0.43774083
4619,0.48185056
4620,0.44232738
4621,0.59482014
4622,0.2774155
4623,0.43701687
4624,0.81428534
4625,0.4790385
4626,0.50508654
4627,0.55740315
4628,0.364247
4629,0.6936141
4630,0.52062064
4631,0.4769445
4632,0.81824213
4633,0.5151243
4634,0.7398429
4635,0.45877093
4636,0.47950774
4637,0.48377433
4638,0.4885082
4639,0.5528131
4640,0.4188086
4641,0.272451
4642,0.4933449
4643,0.47654358
4644,0.5430152
4645,0.5501682
4646,0.25229853
4647,0.66846406
4648,0.602178
4649,0.5996526
4650,0.38587022
4651,0.44527042
4652,0.64018774
4653,0.35482284
4654,0.31257534
4655,0.4776746
4656,0.5725307
4657,0.24846007
4658,0.25696197
4659,0.4365665
4660,0.4721685
4661,0.671226
4662,0.47633293
4663,0.74377483
4664,0.2970866
4665,0.29390588
4666,0.596718
4667,0.65319234
4668,0.38999173
4669,0.70311904
4670,0.5048082
4671,0.66437566
4672,0.20292242
4673,0.37245715
4674,0.60206217
4675,0.2879432
4676,0.32936504
4677,0.63657576
4678,0.37094218
4679,0.5706623
4680,0.59766626
4681,0.398013
4682,0.3791752
4683,0.34895828
4684,0.5171032
4685,0.66457623
4686,0.6760346
4687,0.4967938
4688,0.49999464
4689,0.4688114
4690,0.47717264
4691,0.517904
4692,0.60627645
4693,0.3542784
4694,0.48651576
4695,0.7730616
4696,0.39695963
4697,0.55152476
4698,0.69475764
4699,0.5016511
4700,0.7566281
4701,0.33512816
4702,0.5143804
4703,0.51701194
4704,0.5358007
4705,0.7319025
4706,0.43567806
4707,0.5352741
4708,0.6304308
4709,0.43688887
4710,0.40897048
4711,0.6322011
4712,0.482184
4713,0.53080255
4714,0.3069866
4715,0.6218327
4716,0.25393918
4717,0.35553873
4718,0.6417457
4719,0.78484774
4720,0.64471716
4721,0.52038354
4722,0.40030524
4723,0.7167936
4724,0.36216527
4725,0.61408746
4726,0.5803902
4727,0.5037444
4728,0.50914896
4729,0.56650126
4730,0.5002732
4731,0.25833017
4732,0.56852025
4733,0.6106102
4734,0.5423354
4735,0.33944947
4736,0.37398437
4737,0.17387873
4738,0.5295736
4739,0.5916754
4740,0.5153746
4741,0.35675332
4742,0.56547725
4743,0.6733722
4744,0.40016463
4745,0.56589204
4746,0.5919131
4747,0.63105035
4748,0.54016805
4749,0.38949332
4750,0.13469999
4751,0.7085906
4752,0.56865495
4753,0.6641417
4754,0.75963825
4755,0.6948114
4756,0.6446087
4757,0.5166853
4758,0.5980239
4759,0.46218643
4760,0.6119382
4761,0.5343598
4762,0.59499407
4763,0.32102293
4764,0.49011394
4765,0.660574
4766,0.7166291
4767,0.41398063
4768,0.68260556
4769,0.68046844
4770,0.6101372
4771,0.4967767
4772,0.3503541
4773,0.40149483
4774,0.4599009
4775,0.2748392
4776,0.56560695
4777,0.5971345
